{"task1": {"output": {"chart_type": "line"}}, "task6": {"output": {"visual elements": {"lines": [[{"x": 196.61785888671875, "y": 241.35630798339844}, {"x": 248.90548706054688, "y": 228.9030303955078}, {"x": 520.085693359375, "y": 97.73643493652344}, {"x": 613.5379638671875, "y": 53.12708282470703}]]}}}}