{"task1": {"output": {"chart_type": "line"}}, "task6": {"output": {"visual elements": {"lines": [[{"x": 183.36460876464844, "y": 69.84611511230469}, {"x": 379.48968505859375, "y": 266.5385437011719}]]}}}}