{"task1": {"output": {"chart_type": "line"}}, "task6": {"output": {"visual elements": {"lines": [[{"x": 83.31841278076172, "y": 290.1179504394531}, {"x": 143.40853881835938, "y": 280.8101501464844}, {"x": 327.0721740722656, "y": 278.1062316894531}, {"x": 571.3013916015625, "y": 31.03711700439453}]]}}}}