{"task1": {"output": {"chart_type": "line"}}, "task6": {"output": {"visual elements": {"lines": [[{"x": 233.1166229248047, "y": 265.4985046386719}, {"x": 245.40499877929688, "y": 345.6459045410156}, {"x": 411.37176513671875, "y": 346.16119384765625}, {"x": 424.5792236328125, "y": 58.00689697265625}]]}}}}