{"task1": {"output": {"chart_type": "line"}}, "task6": {"output": {"visual elements": {"lines": [[{"x": 280.08306884765625, "y": 170.09068298339844}, {"x": 489.42266845703125, "y": 313.9161071777344}, {"x": 0.0, "y": 0.0}, {"x": 385.2181701660156, "y": 243.60443115234375}]]}}}}