{"task1": {"output": {"chart_type": "line"}}, "task6": {"output": {"visual elements": {"lines": [[{"x": 147.56471252441406, "y": 308.1933898925781}, {"x": 327.6253356933594, "y": 116.40672302246094}, {"x": 508.5059814453125, "y": 113.38142395019531}]]}}}}