{"task1": {"output": {"chart_type": "line"}}, "task6": {"output": {"visual elements": {"lines": [[{"x": 178.47427368164062, "y": 142.89833068847656}, {"x": 330.8507385253906, "y": 203.5559844970703}, {"x": 482.6895751953125, "y": 196.53305053710938}, {"x": 634.1069946289062, "y": 186.5054168701172}]]}}}}