{"task1": {"output": {"chart_type": "line"}}, "task6": {"output": {"visual elements": {"lines": [[{"x": 237.0542755126953, "y": 70.53739929199219}, {"x": 519.0492553710938, "y": 177.0997772216797}]]}}}}