{"task1": {"output": {"chart_type": "line"}}, "task6": {"output": {"visual elements": {"lines": [[{"x": 192.82220458984375, "y": 501.151611328125}, {"x": 624.8600463867188, "y": 229.614013671875}, {"x": 408.34747314453125, "y": 500.61578369140625}, {"x": 624.9085693359375, "y": 500.45904541015625}]]}}}}