{"task1": {"output": {"chart_type": "line"}}, "task6": {"output": {"visual elements": {"lines": [[{"x": 58.52190399169922, "y": 42.24578094482422}, {"x": 250.10464477539062, "y": 77.93228912353516}, {"x": 441.3724060058594, "y": 113.79489135742188}, {"x": 632.9575805664062, "y": 242.1395263671875}]]}}}}