{"task1": {"output": {"chart_type": "line"}}, "task6": {"output": {"visual elements": {"lines": [[{"x": 218.46580505371094, "y": 180.04864501953125}, {"x": 341.90667724609375, "y": 323.5361328125}]]}}}}