{"task1": {"output": {"chart_type": "line"}}, "task6": {"output": {"visual elements": {"lines": [[{"x": 195.18385314941406, "y": 86.40396118164062}, {"x": 338.8387145996094, "y": 386.2753601074219}, {"x": 483.8394470214844, "y": 358.46234130859375}]]}}}}