{"task1": {"output": {"chart_type": "line"}}, "task6": {"output": {"visual elements": {"lines": [[{"x": 174.07308959960938, "y": 71.23384857177734}, {"x": 297.9781799316406, "y": 202.55911254882812}, {"x": 421.8439025878906, "y": 196.1102294921875}, {"x": 546.8088989257812, "y": 212.05133056640625}]]}}}}