{"task1": {"output": {"chart_type": "line"}}, "task6": {"output": {"visual elements": {"lines": [[{"x": 254.9310302734375, "y": 569.9041137695312}, {"x": 267.8185119628906, "y": 551.5302124023438}, {"x": 295.7679443359375, "y": 730.4296264648438}, {"x": 418.0953674316406, "y": 82.22140502929688}]]}}}}