{"task1": {"output": {"chart_type": "line"}}, "task6": {"output": {"visual elements": {"lines": [[{"x": 243.369384765625, "y": 86.10320281982422}, {"x": 548.0059204101562, "y": 161.03587341308594}]]}}}}