{"task1": {"output": {"chart_type": "line"}}, "task6": {"output": {"visual elements": {"lines": [[{"x": 26.884531021118164, "y": 314.2994689941406}, {"x": 206.901123046875, "y": 169.01136779785156}, {"x": 473.27813720703125, "y": 305.4436340332031}, {"x": 650.410888671875, "y": 445.72076416015625}]]}}}}