{"task1": {"output": {"chart_type": "line"}}, "task6": {"output": {"visual elements": {"lines": [[{"x": 252.30386352539062, "y": 65.7609634399414}, {"x": 398.8792724609375, "y": 85.59028625488281}, {"x": 692.6723022460938, "y": 174.98817443847656}]]}}}}