{"task1": {"output": {"chart_type": "line"}}, "task6": {"output": {"visual elements": {"lines": [[{"x": 141.28713989257812, "y": 87.4013442993164}, {"x": 193.72181701660156, "y": 133.6656951904297}, {"x": 403.2168884277344, "y": 209.87957763671875}, {"x": 612.0962524414062, "y": 238.44393920898438}]]}}}}