{"task1": {"output": {"chart_type": "line"}}, "task6": {"output": {"visual elements": {"lines": [[{"x": 371.12506103515625, "y": 450.17767333984375}, {"x": 568.7554321289062, "y": 127.4736328125}]]}}}}